{"cameraMode":{"drawMode":0,"name":"Shaded","section":"Shading Mode"},"sceneLighting":true,"audioPlay":false,"sceneViewState":{"m_AlwaysRefresh":false,"showFog":true,"showSkybox":true,"showFlares":true,"showImageEffects":true,"showParticleSystems":true,"showVisualEffectGraphs":true,"m_FxEnabled":true},"in2DMode":false,"pivot":{"x":127.12092590332031,"y":1.6306893825531006,"z":89.90198516845703},"rotation":{"x":0.013712440617382527,"y":-0.957696259021759,"z":0.28370416164398196,"w":0.04628918319940567},"size":2.4598329067230226,"orthographic":false}