{"cameraMode":{"drawMode":0,"name":"Shaded","section":"Shading Mode"},"sceneLighting":false,"audioPlay":false,"sceneViewState":{"m_AlwaysRefresh":false,"showFog":true,"showSkybox":false,"showFlares":true,"showImageEffects":true,"showParticleSystems":true,"showVisualEffectGraphs":true,"m_FxEnabled":true},"in2DMode":false,"pivot":{"x":-0.7098533511161804,"y":1.565781593322754,"z":0.05301046371459961},"rotation":{"x":-0.004649950657039881,"y":0.9807649850845337,"z":-0.19371071457862855,"w":-0.02354288287460804},"size":2.923166275024414,"orthographic":true}